Channel,Region,Fresh,Milk,Grocery,Frozen,Detergents_Paper,Delicassen
0.00011182140584256296,0.00016773210876384445,0.7083326953097151,0.539873747407894,0.4227408247878093,0.011964890425154237,0.14950521961150667,0.07480852050867462
0.00012532187989417398,0.00018798281984126096,0.44219825320659284,0.6147038208809233,0.5995398734137283,0.11040857618676726,0.20634247524575744,0.11128582934602649
0.00012483918805620848,0.0001872587820843127,0.3965516808605462,0.5497917841995421,0.47963216051195295,0.1501191236375907,0.21946729260281447,0.4896192955564496
6.459378221417655e-05,0.00019378134664252967,0.856836521071052,0.07725416352815516,0.2726503547260392,0.41365858129958666,0.032749047582587516,0.11549368259894768
7.918778858482472e-05,0.00011878168287723707,0.8954159194229054,0.21420296812195086,0.28499685111678413,0.15501009615479439,0.07035835015761677,0.20529434190615808
0.00014553153309209468,0.000218297299638142,0.6849441604979436,0.6009724659038049,0.37299731931503866,0.04846200051966752,0.13061455095015495,0.10558312725831467

